,have_inv,intervallo
0,1,"(-200.0, 0.0]"
1,1,"(0.0, 200.0]"
2,1,"(0.0, 200.0]"
3,1,"(0.0, 200.0]"
4,1,"(0.0, 200.0]"
5,1,"(0.0, 200.0]"
6,0,"(-200.0, 0.0]"
7,1,"(0.0, 200.0]"
8,0,"(-200.0, 0.0]"
9,1,"(7000.0, 7200.0]"
11,1,"(0.0, 200.0]"
12,1,"(400.0, 600.0]"
13,1,"(0.0, 200.0]"
14,1,"(800.0, 1000.0]"
15,1,"(200.0, 400.0]"
16,1,"(40600.0, 40800.0]"
17,1,"(0.0, 200.0]"
18,1,"(0.0, 200.0]"
19,1,"(5200.0, 5400.0]"
20,1,"(0.0, 200.0]"
21,1,"(14600.0, 14800.0]"
22,0,"(-200.0, 0.0]"
23,1,"(40400.0, 40600.0]"
24,1,"(0.0, 200.0]"
25,1,"(0.0, 200.0]"
26,1,"(40600.0, 40800.0]"
27,1,"(40800.0, 41000.0]"
28,1,"(0.0, 200.0]"
29,1,"(0.0, 200.0]"
30,1,"(0.0, 200.0]"
31,1,"(6800.0, 7000.0]"
32,1,"(11000.0, 11200.0]"
33,0,"(0.0, 200.0]"
34,1,"(0.0, 200.0]"
35,1,"(0.0, 200.0]"
36,1,"(0.0, 200.0]"
37,1,"(0.0, 200.0]"
38,1,"(40800.0, 41000.0]"
39,1,"(0.0, 200.0]"
40,1,"(0.0, 200.0]"
41,1,"(0.0, 200.0]"
42,1,"(40600.0, 40800.0]"
43,1,"(200.0, 400.0]"
44,1,"(40600.0, 40800.0]"
45,1,"(200.0, 400.0]"
46,1,"(0.0, 200.0]"
47,1,"(0.0, 200.0]"
48,0,"(-200.0, 0.0]"
49,1,"(0.0, 200.0]"
50,1,"(0.0, 200.0]"
51,1,"(800.0, 1000.0]"
52,1,"(40600.0, 40800.0]"
53,1,"(0.0, 200.0]"
54,1,"(0.0, 200.0]"
55,1,"(29400.0, 29600.0]"
56,1,"(0.0, 200.0]"
57,1,"(8800.0, 9000.0]"
58,1,"(0.0, 200.0]"
61,1,"(0.0, 200.0]"
62,1,"(0.0, 200.0]"
63,1,"(200.0, 400.0]"
64,1,"(1400.0, 1600.0]"
65,1,"(1600.0, 1800.0]"
66,1,"(-200.0, 0.0]"
67,1,"(600.0, 800.0]"
68,1,"(15800.0, 16000.0]"
69,1,"(31600.0, 31800.0]"
70,1,"(0.0, 200.0]"
71,1,"(0.0, 200.0]"
72,1,"(0.0, 200.0]"
73,1,"(2400.0, 2600.0]"
74,1,"(0.0, 200.0]"
75,1,"(25400.0, 25600.0]"
76,1,"(0.0, 200.0]"
77,1,"(400.0, 600.0]"
78,1,"(40400.0, 40600.0]"
79,1,"(400.0, 600.0]"
80,1,"(40400.0, 40600.0]"
81,1,"(12200.0, 12400.0]"
82,1,"(40600.0, 40800.0]"
83,0,"(-200.0, 0.0]"
84,1,"(0.0, 200.0]"
85,1,"(40400.0, 40600.0]"
86,1,"(-200.0, 0.0]"
87,1,"(0.0, 200.0]"
88,1,"(40600.0, 40800.0]"
89,1,"(0.0, 200.0]"
90,1,"(0.0, 200.0]"
91,1,"(0.0, 200.0]"
92,1,"(0.0, 200.0]"
93,1,"(0.0, 200.0]"
94,1,"(-200.0, 0.0]"
95,1,"(0.0, 200.0]"
96,1,"(400.0, 600.0]"
97,1,"(0.0, 200.0]"
98,1,"(0.0, 200.0]"
99,1,"(0.0, 200.0]"
100,1,"(5200.0, 5400.0]"
101,1,"(0.0, 200.0]"
102,1,"(0.0, 200.0]"
103,1,"(16600.0, 16800.0]"
104,0,"(-1600.0, -1400.0]"
105,1,"(0.0, 200.0]"
106,1,"(600.0, 800.0]"
107,1,"(40600.0, 40800.0]"
108,1,"(600.0, 800.0]"
109,0,"(-200.0, 0.0]"
110,1,"(40600.0, 40800.0]"
111,1,"(0.0, 200.0]"
112,1,"(10600.0, 10800.0]"
113,1,"(40400.0, 40600.0]"
114,1,"(30800.0, 31000.0]"
115,1,"(0.0, 200.0]"
116,1,"(1400.0, 1600.0]"
117,1,"(0.0, 200.0]"
118,0,"(0.0, 200.0]"
119,1,"(0.0, 200.0]"
120,1,"(0.0, 200.0]"
121,0,"(-200.0, 0.0]"
122,1,"(0.0, 200.0]"
123,1,"(800.0, 1000.0]"
124,1,"(0.0, 200.0]"
125,1,"(0.0, 200.0]"
126,1,"(0.0, 200.0]"
128,1,"(0.0, 200.0]"
129,1,"(0.0, 200.0]"
130,1,"(40200.0, 40400.0]"
131,1,"(600.0, 800.0]"
132,1,"(5200.0, 5400.0]"
133,1,"(1200.0, 1400.0]"
134,1,"(6800.0, 7000.0]"
135,1,"(22000.0, 22200.0]"
136,1,"(0.0, 200.0]"
137,1,"(0.0, 200.0]"
138,1,"(17400.0, 17600.0]"
139,1,"(200.0, 400.0]"
140,1,"(0.0, 200.0]"
141,1,"(1200.0, 1400.0]"
142,1,"(1000.0, 1200.0]"
143,1,"(33800.0, 34000.0]"
144,1,"(1400.0, 1600.0]"
145,1,"(0.0, 200.0]"
146,1,"(600.0, 800.0]"
147,1,"(600.0, 800.0]"
148,1,"(200.0, 400.0]"
149,1,"(40800.0, 41000.0]"
150,1,"(0.0, 200.0]"
151,0,"(-200.0, 0.0]"
152,1,"(9000.0, 9200.0]"
153,1,"(-200.0, 0.0]"
154,0,"(2400.0, 2600.0]"
155,1,"(-200.0, 0.0]"
156,1,"(0.0, 200.0]"
157,1,"(7600.0, 7800.0]"
158,1,"(0.0, 200.0]"
159,1,"(0.0, 200.0]"
160,1,"(0.0, 200.0]"
161,1,"(-200.0, 0.0]"
162,1,"(0.0, 200.0]"
163,1,"(400.0, 600.0]"
164,0,"(-200.0, 0.0]"
165,1,"(40600.0, 40800.0]"
166,1,"(800.0, 1000.0]"
167,1,"(200.0, 400.0]"
168,1,"(800.0, 1000.0]"
169,1,"(3200.0, 3400.0]"
170,1,"(400.0, 600.0]"
171,1,"(0.0, 200.0]"
172,1,"(0.0, 200.0]"
173,1,"(-200.0, 0.0]"
174,1,"(2600.0, 2800.0]"
175,1,"(0.0, 200.0]"
176,1,"(0.0, 200.0]"
177,0,"(-200.0, 0.0]"
178,1,"(0.0, 200.0]"
179,1,"(0.0, 200.0]"
180,1,"(2600.0, 2800.0]"
181,1,"(200.0, 400.0]"
182,1,"(0.0, 200.0]"
183,1,"(200.0, 400.0]"
184,1,"(200.0, 400.0]"
185,1,"(800.0, 1000.0]"
186,1,"(800.0, 1000.0]"
187,1,"(0.0, 200.0]"
188,1,"(0.0, 200.0]"
189,1,"(32400.0, 32600.0]"
190,1,"(200.0, 400.0]"
192,1,"(-200.0, 0.0]"
193,1,"(0.0, 200.0]"
194,1,"(0.0, 200.0]"
195,1,"(28400.0, 28600.0]"
196,1,"(0.0, 200.0]"
197,1,"(22000.0, 22200.0]"
198,1,"(0.0, 200.0]"
199,1,"(0.0, 200.0]"
200,1,"(0.0, 200.0]"
201,1,"(0.0, 200.0]"
202,1,"(0.0, 200.0]"
203,1,"(0.0, 200.0]"
204,1,"(0.0, 200.0]"
205,1,"(40800.0, 41000.0]"
206,1,"(0.0, 200.0]"
207,1,"(4600.0, 4800.0]"
208,1,"(40400.0, 40600.0]"
209,1,"(200.0, 400.0]"
210,1,"(0.0, 200.0]"
211,1,"(600.0, 800.0]"
212,1,"(0.0, 200.0]"
213,1,"(400.0, 600.0]"
214,1,"(1200.0, 1400.0]"
215,1,"(0.0, 200.0]"
216,1,"(0.0, 200.0]"
217,1,"(0.0, 200.0]"
218,1,"(0.0, 200.0]"
219,0,"(-200.0, 0.0]"
220,1,"(400.0, 600.0]"
221,1,"(200.0, 400.0]"
222,1,"(0.0, 200.0]"
223,1,"(0.0, 200.0]"
224,1,"(800.0, 1000.0]"
225,1,"(0.0, 200.0]"
226,1,"(0.0, 200.0]"
227,1,"(3800.0, 4000.0]"
228,1,"(200.0, 400.0]"
229,1,"(600.0, 800.0]"
230,1,"(0.0, 200.0]"
231,1,"(200.0, 400.0]"
232,1,"(40600.0, 40800.0]"
233,1,"(0.0, 200.0]"
234,1,"(40400.0, 40600.0]"
235,1,"(40600.0, 40800.0]"
236,1,"(40800.0, 41000.0]"
237,1,"(-200.0, 0.0]"
238,1,"(40600.0, 40800.0]"
239,1,"(0.0, 200.0]"
240,1,"(28000.0, 28200.0]"
241,1,"(-200.0, 0.0]"
242,0,"(4800.0, 5000.0]"
243,1,"(0.0, 200.0]"
244,1,"(20200.0, 20400.0]"
245,0,"(-200.0, 0.0]"
246,1,"(0.0, 200.0]"
247,1,"(200.0, 400.0]"
248,1,"(400.0, 600.0]"
249,1,"(0.0, 200.0]"
250,1,"(0.0, 200.0]"
251,1,"(40800.0, 41000.0]"
252,1,"(0.0, 200.0]"
253,1,"(0.0, 200.0]"
254,1,"(0.0, 200.0]"
255,1,"(0.0, 200.0]"
256,1,"(40400.0, 40600.0]"
257,1,"(27400.0, 27600.0]"
258,1,"(0.0, 200.0]"
259,1,"(40400.0, 40600.0]"
260,0,"(-200.0, 0.0]"
261,1,"(7000.0, 7200.0]"
262,1,"(0.0, 200.0]"
263,1,"(17000.0, 17200.0]"
264,1,"(400.0, 600.0]"
265,0,"(-200.0, 0.0]"
266,1,"(400.0, 600.0]"
267,1,"(-200.0, 0.0]"
268,1,"(0.0, 200.0]"
269,0,"(-200.0, 0.0]"
270,1,"(0.0, 200.0]"
271,1,"(200.0, 400.0]"
272,1,"(0.0, 200.0]"
273,1,"(0.0, 200.0]"
274,1,"(200.0, 400.0]"
275,0,"(-200.0, 0.0]"
276,1,"(1800.0, 2000.0]"
277,1,"(0.0, 200.0]"
278,1,"(0.0, 200.0]"
279,1,"(40600.0, 40800.0]"
280,0,"(1000.0, 1200.0]"
281,1,"(0.0, 200.0]"
282,1,"(0.0, 200.0]"
283,1,"(0.0, 200.0]"
284,1,"(200.0, 400.0]"
285,1,"(0.0, 200.0]"
286,1,"(0.0, 200.0]"
287,1,"(0.0, 200.0]"
288,1,"(0.0, 200.0]"
289,1,"(40800.0, 41000.0]"
290,1,"(0.0, 200.0]"
291,1,"(40600.0, 40800.0]"
292,1,"(0.0, 200.0]"
293,1,"(200.0, 400.0]"
294,1,"(200.0, 400.0]"
295,1,"(0.0, 200.0]"
296,1,"(0.0, 200.0]"
297,1,"(2200.0, 2400.0]"
299,1,"(400.0, 600.0]"
300,1,"(7600.0, 7800.0]"
301,1,"(1600.0, 1800.0]"
302,1,"(0.0, 200.0]"
303,1,"(400.0, 600.0]"
304,1,"(200.0, 400.0]"
305,1,"(0.0, 200.0]"
306,1,"(0.0, 200.0]"
307,1,"(400.0, 600.0]"
309,1,"(0.0, 200.0]"
310,0,"(0.0, 200.0]"
311,1,"(200.0, 400.0]"
312,1,"(0.0, 200.0]"
313,1,"(-200.0, 0.0]"
314,1,"(0.0, 200.0]"
315,1,"(0.0, 200.0]"
316,1,"(2000.0, 2200.0]"
317,1,"(0.0, 200.0]"
318,1,"(0.0, 200.0]"
319,1,"(200.0, 400.0]"
320,1,"(0.0, 200.0]"
321,1,"(36000.0, 36200.0]"
322,1,"(40600.0, 40800.0]"
323,1,"(10600.0, 10800.0]"
324,1,"(-200.0, 0.0]"
325,1,"(36600.0, 36800.0]"
326,1,"(1400.0, 1600.0]"
327,1,"(0.0, 200.0]"
328,1,"(39000.0, 39200.0]"
329,1,"(9400.0, 9600.0]"
330,1,"(40600.0, 40800.0]"
331,1,"(-200.0, 0.0]"
332,1,"(-200.0, 0.0]"
333,1,"(0.0, 200.0]"
334,1,"(0.0, 200.0]"
335,1,"(0.0, 200.0]"
336,1,"(-200.0, 0.0]"
337,1,"(-200.0, 0.0]"
338,1,"(0.0, 200.0]"
339,0,"(0.0, 200.0]"
340,1,"(800.0, 1000.0]"
341,1,"(9800.0, 10000.0]"
342,1,"(400.0, 600.0]"
343,1,"(40600.0, 40800.0]"
344,1,"(0.0, 200.0]"
345,1,"(0.0, 200.0]"
346,1,"(200.0, 400.0]"
347,1,"(0.0, 200.0]"
348,1,"(0.0, 200.0]"
349,1,"(0.0, 200.0]"
350,1,"(6400.0, 6600.0]"
351,1,"(40200.0, 40400.0]"
352,1,"(400.0, 600.0]"
353,0,"(-200.0, 0.0]"
354,1,"(0.0, 200.0]"
355,1,"(0.0, 200.0]"
356,1,"(18800.0, 19000.0]"
357,1,"(0.0, 200.0]"
358,1,"(0.0, 200.0]"
359,1,"(40400.0, 40600.0]"
360,1,"(0.0, 200.0]"
361,1,"(0.0, 200.0]"
362,1,"(1000.0, 1200.0]"
363,1,"(-200.0, 0.0]"
364,1,"(0.0, 200.0]"
365,1,"(0.0, 200.0]"
366,1,"(0.0, 200.0]"
367,1,"(9600.0, 9800.0]"
368,1,"(200.0, 400.0]"
369,1,"(0.0, 200.0]"
370,1,"(1200.0, 1400.0]"
371,1,"(0.0, 200.0]"
372,1,"(-200.0, 0.0]"
373,1,"(200.0, 400.0]"
374,1,"(0.0, 200.0]"
375,1,"(7000.0, 7200.0]"
376,1,"(0.0, 200.0]"
377,1,"(0.0, 200.0]"
378,1,"(0.0, 200.0]"
379,1,"(0.0, 200.0]"
380,1,"(40800.0, 41000.0]"
381,1,"(-200.0, 0.0]"
382,1,"(0.0, 200.0]"
383,1,"(-200.0, 0.0]"
384,0,"(-200.0, 0.0]"
385,1,"(0.0, 200.0]"
386,1,"(0.0, 200.0]"
387,1,"(0.0, 200.0]"
388,1,"(40400.0, 40600.0]"
389,1,"(-200.0, 0.0]"
390,1,"(1000.0, 1200.0]"
391,1,"(-200.0, 0.0]"
392,1,"(40400.0, 40600.0]"
393,1,"(0.0, 200.0]"
394,1,"(24400.0, 24600.0]"
395,1,"(0.0, 200.0]"
396,1,"(0.0, 200.0]"
397,1,"(0.0, 200.0]"
398,1,"(0.0, 200.0]"
399,1,"(40600.0, 40800.0]"
400,1,"(40600.0, 40800.0]"
401,1,"(0.0, 200.0]"
402,1,"(11200.0, 11400.0]"
403,1,"(1000.0, 1200.0]"
404,1,"(0.0, 200.0]"
405,1,"(0.0, 200.0]"
406,0,"(0.0, 200.0]"
407,1,"(0.0, 200.0]"
408,1,"(0.0, 200.0]"
409,1,"(1000.0, 1200.0]"
410,1,"(0.0, 200.0]"
411,0,"(0.0, 200.0]"
412,1,"(40400.0, 40600.0]"
413,1,"(1600.0, 1800.0]"
414,1,"(0.0, 200.0]"
415,1,"(200.0, 400.0]"
416,1,"(0.0, 200.0]"
417,1,"(0.0, 200.0]"
418,1,"(0.0, 200.0]"
419,1,"(0.0, 200.0]"
420,1,"(40600.0, 40800.0]"
421,1,"(0.0, 200.0]"
422,1,"(0.0, 200.0]"
423,1,"(6000.0, 6200.0]"
424,1,"(400.0, 600.0]"
425,0,"(-200.0, 0.0]"
426,1,"(0.0, 200.0]"
427,1,"(0.0, 200.0]"
429,1,"(0.0, 200.0]"
430,1,"(13800.0, 14000.0]"
431,1,"(600.0, 800.0]"
432,1,"(40600.0, 40800.0]"
433,1,"(0.0, 200.0]"
434,0,"(-200.0, 0.0]"
435,1,"(0.0, 200.0]"
436,1,"(0.0, 200.0]"
437,1,"(600.0, 800.0]"
438,1,"(40800.0, 41000.0]"
439,1,"(40800.0, 41000.0]"
440,1,"(0.0, 200.0]"
441,1,"(0.0, 200.0]"
442,1,"(200.0, 400.0]"
443,1,"(0.0, 200.0]"
444,1,"(40800.0, 41000.0]"
445,1,"(12200.0, 12400.0]"
446,1,"(0.0, 200.0]"
447,1,"(0.0, 200.0]"
448,1,"(1200.0, 1400.0]"
449,1,"(200.0, 400.0]"
450,1,"(600.0, 800.0]"
451,1,"(40800.0, 41000.0]"
452,0,"(0.0, 200.0]"
453,1,"(-200.0, 0.0]"
454,1,"(200.0, 400.0]"
455,1,"(0.0, 200.0]"
456,1,"(40600.0, 40800.0]"
457,1,"(0.0, 200.0]"
458,1,"(40800.0, 41000.0]"
459,1,"(0.0, 200.0]"
460,1,"(8200.0, 8400.0]"
461,1,"(0.0, 200.0]"
462,1,"(1200.0, 1400.0]"
463,1,"(0.0, 200.0]"
464,1,"(7200.0, 7400.0]"
465,1,"(0.0, 200.0]"
466,1,"(29800.0, 30000.0]"
467,1,"(25600.0, 25800.0]"
468,1,"(9600.0, 9800.0]"
469,1,"(0.0, 200.0]"
470,1,"(0.0, 200.0]"
471,1,"(40600.0, 40800.0]"
472,1,"(0.0, 200.0]"
473,1,"(1400.0, 1600.0]"
474,1,"(-200.0, 0.0]"
475,1,"(0.0, 200.0]"
476,1,"(16000.0, 16200.0]"
477,0,"(0.0, 200.0]"
478,1,"(1200.0, 1400.0]"
479,1,"(0.0, 200.0]"
480,1,"(0.0, 200.0]"
481,1,"(0.0, 200.0]"
482,1,"(2000.0, 2200.0]"
483,1,"(-200.0, 0.0]"
484,1,"(0.0, 200.0]"
485,1,"(40400.0, 40600.0]"
486,1,"(6200.0, 6400.0]"
487,1,"(200.0, 400.0]"
488,1,"(0.0, 200.0]"
489,0,"(3200.0, 3400.0]"
490,1,"(-200.0, 0.0]"
491,1,"(0.0, 200.0]"
492,1,"(40600.0, 40800.0]"
493,1,"(0.0, 200.0]"
494,1,"(600.0, 800.0]"
495,1,"(0.0, 200.0]"
496,1,"(200.0, 400.0]"
497,1,"(0.0, 200.0]"
498,1,"(200.0, 400.0]"
499,1,"(600.0, 800.0]"
500,1,"(7000.0, 7200.0]"
501,1,"(200.0, 400.0]"
502,1,"(200.0, 400.0]"
503,1,"(400.0, 600.0]"
504,1,"(0.0, 200.0]"
505,1,"(34800.0, 35000.0]"
506,1,"(0.0, 200.0]"
507,0,"(-1600.0, -1400.0]"
508,1,"(0.0, 200.0]"
509,1,"(-200.0, 0.0]"
510,1,"(200.0, 400.0]"
511,1,"(2200.0, 2400.0]"
512,1,"(22600.0, 22800.0]"
513,0,"(-400.0, -200.0]"
514,1,"(34600.0, 34800.0]"
515,1,"(-200.0, 0.0]"
516,1,"(33000.0, 33200.0]"
517,1,"(22000.0, 22200.0]"
518,1,"(1600.0, 1800.0]"
519,1,"(0.0, 200.0]"
520,1,"(200.0, 400.0]"
521,1,"(23800.0, 24000.0]"
522,1,"(0.0, 200.0]"
523,1,"(0.0, 200.0]"
524,1,"(13400.0, 13600.0]"
525,1,"(0.0, 200.0]"
526,1,"(17600.0, 17800.0]"
527,1,"(400.0, 600.0]"
528,1,"(0.0, 200.0]"
529,1,"(40600.0, 40800.0]"
530,1,"(-200.0, 0.0]"
531,1,"(11200.0, 11400.0]"
532,0,"(0.0, 200.0]"
534,1,"(39000.0, 39200.0]"
535,1,"(0.0, 200.0]"
536,1,"(0.0, 200.0]"
537,0,"(0.0, 200.0]"
538,1,"(0.0, 200.0]"
539,1,"(10600.0, 10800.0]"
540,1,"(0.0, 200.0]"
541,0,"(0.0, 200.0]"
542,1,"(2600.0, 2800.0]"
543,1,"(200.0, 400.0]"
544,1,"(200.0, 400.0]"
545,1,"(0.0, 200.0]"
547,1,"(40600.0, 40800.0]"
548,1,"(0.0, 200.0]"
550,1,"(0.0, 200.0]"
551,1,"(600.0, 800.0]"
552,0,"(9400.0, 9600.0]"
553,0,"(-200.0, 0.0]"
554,1,"(1600.0, 1800.0]"
555,1,"(18800.0, 19000.0]"
556,1,"(0.0, 200.0]"
557,0,"(-1800.0, -1600.0]"
558,1,"(0.0, 200.0]"
559,1,"(0.0, 200.0]"
560,1,"(400.0, 600.0]"
561,1,"(1000.0, 1200.0]"
562,1,"(400.0, 600.0]"
563,1,"(40800.0, 41000.0]"
564,0,"(-200.0, 0.0]"
565,1,"(40600.0, 40800.0]"
566,1,"(400.0, 600.0]"
567,1,"(27200.0, 27400.0]"
568,1,"(0.0, 200.0]"
569,1,"(400.0, 600.0]"
570,1,"(0.0, 200.0]"
571,1,"(-200.0, 0.0]"
572,1,"(0.0, 200.0]"
573,1,"(0.0, 200.0]"
574,1,"(0.0, 200.0]"
575,0,"(-200.0, 0.0]"
576,1,"(40200.0, 40400.0]"
577,1,"(2200.0, 2400.0]"
578,1,"(0.0, 200.0]"
579,1,"(-200.0, 0.0]"
580,1,"(0.0, 200.0]"
581,1,"(200.0, 400.0]"
582,1,"(19200.0, 19400.0]"
583,1,"(38400.0, 38600.0]"
584,1,"(40600.0, 40800.0]"
585,1,"(800.0, 1000.0]"
586,1,"(1800.0, 2000.0]"
587,1,"(4800.0, 5000.0]"
588,0,"(-200.0, 0.0]"
589,0,"(-200.0, 0.0]"
590,1,"(11800.0, 12000.0]"
591,1,"(3600.0, 3800.0]"
592,1,"(0.0, 200.0]"
593,1,"(600.0, 800.0]"
594,1,"(-200.0, 0.0]"
595,1,"(0.0, 200.0]"
596,0,"(-200.0, 0.0]"
597,1,"(200.0, 400.0]"
598,1,"(1800.0, 2000.0]"
599,1,"(0.0, 200.0]"
600,1,"(0.0, 200.0]"
601,1,"(200.0, 400.0]"
602,0,"(-200.0, 0.0]"
603,1,"(0.0, 200.0]"
604,1,"(200.0, 400.0]"
605,1,"(0.0, 200.0]"
606,1,"(-200.0, 0.0]"
607,1,"(8200.0, 8400.0]"
608,1,"(0.0, 200.0]"
609,1,"(200.0, 400.0]"
610,1,"(0.0, 200.0]"
611,1,"(0.0, 200.0]"
612,1,"(0.0, 200.0]"
613,1,"(40800.0, 41000.0]"
614,1,"(6000.0, 6200.0]"
615,1,"(0.0, 200.0]"
616,1,"(40600.0, 40800.0]"
617,0,"(-1600.0, -1400.0]"
618,1,"(2400.0, 2600.0]"
619,0,"(-200.0, 0.0]"
621,1,"(35200.0, 35400.0]"
622,1,"(40400.0, 40600.0]"
623,1,"(40800.0, 41000.0]"
624,1,"(1200.0, 1400.0]"
625,1,"(40800.0, 41000.0]"
626,1,"(0.0, 200.0]"
627,1,"(23200.0, 23400.0]"
628,1,"(0.0, 200.0]"
629,1,"(200.0, 400.0]"
630,1,"(400.0, 600.0]"
631,1,"(40600.0, 40800.0]"
632,1,"(9200.0, 9400.0]"
633,1,"(40400.0, 40600.0]"
634,1,"(2600.0, 2800.0]"
635,1,"(40400.0, 40600.0]"
636,1,"(22200.0, 22400.0]"
637,1,"(0.0, 200.0]"
638,1,"(0.0, 200.0]"
639,1,"(0.0, 200.0]"
640,0,"(-200.0, 0.0]"
641,1,"(0.0, 200.0]"
642,1,"(0.0, 200.0]"
643,0,"(0.0, 200.0]"
644,1,"(0.0, 200.0]"
645,1,"(600.0, 800.0]"
646,1,"(0.0, 200.0]"
647,1,"(0.0, 200.0]"
648,1,"(0.0, 200.0]"
649,1,"(40600.0, 40800.0]"
650,1,"(0.0, 200.0]"
651,1,"(10200.0, 10400.0]"
652,1,"(0.0, 200.0]"
653,1,"(600.0, 800.0]"
654,1,"(800.0, 1000.0]"
655,1,"(0.0, 200.0]"
656,1,"(-200.0, 0.0]"
657,1,"(1000.0, 1200.0]"
658,1,"(400.0, 600.0]"
659,1,"(40400.0, 40600.0]"
660,1,"(0.0, 200.0]"
661,1,"(0.0, 200.0]"
662,1,"(0.0, 200.0]"
663,1,"(-200.0, 0.0]"
664,0,"(0.0, 200.0]"
665,1,"(0.0, 200.0]"
666,1,"(0.0, 200.0]"
667,1,"(0.0, 200.0]"
668,1,"(40600.0, 40800.0]"
669,1,"(0.0, 200.0]"
670,1,"(40800.0, 41000.0]"
671,1,"(200.0, 400.0]"
672,1,"(1600.0, 1800.0]"
673,1,"(0.0, 200.0]"
674,1,"(6400.0, 6600.0]"
675,0,"(-200.0, 0.0]"
676,1,"(0.0, 200.0]"
677,0,"(0.0, 200.0]"
678,1,"(0.0, 200.0]"
679,1,"(-200.0, 0.0]"
680,1,"(0.0, 200.0]"
681,0,"(-200.0, 0.0]"
682,0,"(0.0, 200.0]"
683,1,"(40600.0, 40800.0]"
684,1,"(0.0, 200.0]"
685,1,"(40600.0, 40800.0]"
686,1,"(0.0, 200.0]"
687,1,"(0.0, 200.0]"
688,1,"(32400.0, 32600.0]"
689,1,"(15600.0, 15800.0]"
690,1,"(0.0, 200.0]"
691,1,"(1200.0, 1400.0]"
692,1,"(0.0, 200.0]"
693,1,"(200.0, 400.0]"
694,1,"(800.0, 1000.0]"
695,1,"(3600.0, 3800.0]"
696,1,"(40800.0, 41000.0]"
697,1,"(0.0, 200.0]"
698,1,"(0.0, 200.0]"
699,1,"(0.0, 200.0]"
700,0,"(-200.0, 0.0]"
701,1,"(400.0, 600.0]"
702,1,"(40200.0, 40400.0]"
703,0,"(0.0, 200.0]"
704,1,"(40800.0, 41000.0]"
705,0,"(-200.0, 0.0]"
706,1,"(40600.0, 40800.0]"
707,1,"(200.0, 400.0]"
708,1,"(400.0, 600.0]"
709,1,"(-200.0, 0.0]"
710,1,"(40600.0, 40800.0]"
711,1,"(0.0, 200.0]"
712,1,"(0.0, 200.0]"
713,1,"(0.0, 200.0]"
714,1,"(12400.0, 12600.0]"
715,1,"(-200.0, 0.0]"
716,1,"(6400.0, 6600.0]"
717,1,"(0.0, 200.0]"
718,1,"(0.0, 200.0]"
719,1,"(0.0, 200.0]"
720,0,"(10200.0, 10400.0]"
721,1,"(40800.0, 41000.0]"
722,1,"(0.0, 200.0]"
723,1,"(0.0, 200.0]"
724,1,"(0.0, 200.0]"
725,1,"(0.0, 200.0]"
726,1,"(0.0, 200.0]"
727,1,"(9000.0, 9200.0]"
728,1,"(35800.0, 36000.0]"
729,1,"(0.0, 200.0]"
730,1,"(0.0, 200.0]"
731,1,"(0.0, 200.0]"
732,1,"(0.0, 200.0]"
733,0,"(-200.0, 0.0]"
734,1,"(9600.0, 9800.0]"
735,1,"(200.0, 400.0]"
736,1,"(1200.0, 1400.0]"
737,1,"(2200.0, 2400.0]"
738,1,"(3000.0, 3200.0]"
739,1,"(200.0, 400.0]"
740,1,"(0.0, 200.0]"
741,1,"(400.0, 600.0]"
742,1,"(0.0, 200.0]"
743,1,"(0.0, 200.0]"
744,1,"(0.0, 200.0]"
745,1,"(-200.0, 0.0]"
746,1,"(600.0, 800.0]"
747,1,"(800.0, 1000.0]"
748,1,"(0.0, 200.0]"
749,1,"(-200.0, 0.0]"
750,1,"(-200.0, 0.0]"
751,1,"(0.0, 200.0]"
752,1,"(0.0, 200.0]"
753,1,"(200.0, 400.0]"
754,1,"(28200.0, 28400.0]"
755,1,"(0.0, 200.0]"
756,1,"(40400.0, 40600.0]"
757,0,"(0.0, 200.0]"
758,1,"(17000.0, 17200.0]"
759,1,"(40600.0, 40800.0]"
760,0,"(-200.0, 0.0]"
761,1,"(0.0, 200.0]"
762,1,"(9000.0, 9200.0]"
763,1,"(0.0, 200.0]"
764,1,"(3400.0, 3600.0]"
765,1,"(-200.0, 0.0]"
766,1,"(16600.0, 16800.0]"
767,0,"(3800.0, 4000.0]"
768,1,"(0.0, 200.0]"
769,1,"(0.0, 200.0]"
770,1,"(0.0, 200.0]"
771,1,"(40400.0, 40600.0]"
772,1,"(0.0, 200.0]"
773,1,"(0.0, 200.0]"
774,1,"(-200.0, 0.0]"
775,1,"(0.0, 200.0]"
776,1,"(0.0, 200.0]"
777,1,"(0.0, 200.0]"
778,1,"(0.0, 200.0]"
779,1,"(0.0, 200.0]"
780,1,"(800.0, 1000.0]"
781,1,"(0.0, 200.0]"
782,1,"(0.0, 200.0]"
783,0,"(-200.0, 0.0]"
784,1,"(-200.0, 0.0]"
785,1,"(0.0, 200.0]"
786,1,"(0.0, 200.0]"
787,1,"(0.0, 200.0]"
788,1,"(40800.0, 41000.0]"
789,1,"(-200.0, 0.0]"
790,1,"(6400.0, 6600.0]"
791,0,"(-200.0, 0.0]"
792,1,"(0.0, 200.0]"
793,1,"(40400.0, 40600.0]"
794,1,"(40400.0, 40600.0]"
795,1,"(40800.0, 41000.0]"
796,1,"(12800.0, 13000.0]"
797,1,"(8400.0, 8600.0]"
798,1,"(-200.0, 0.0]"
799,1,"(-200.0, 0.0]"
800,1,"(0.0, 200.0]"
801,1,"(40600.0, 40800.0]"
802,1,"(1000.0, 1200.0]"
803,1,"(0.0, 200.0]"
804,1,"(27200.0, 27400.0]"
805,1,"(600.0, 800.0]"
806,1,"(30400.0, 30600.0]"
807,1,"(0.0, 200.0]"
808,1,"(40000.0, 40200.0]"
809,1,"(0.0, 200.0]"
810,0,"(-200.0, 0.0]"
811,1,"(0.0, 200.0]"
812,0,"(-200.0, 0.0]"
813,1,"(0.0, 200.0]"
814,1,"(26200.0, 26400.0]"
815,1,"(-200.0, 0.0]"
816,1,"(0.0, 200.0]"
817,1,"(0.0, 200.0]"
818,1,"(0.0, 200.0]"
819,1,"(40600.0, 40800.0]"
820,1,"(0.0, 200.0]"
821,1,"(25000.0, 25200.0]"
822,1,"(-200.0, 0.0]"
823,1,"(0.0, 200.0]"
824,1,"(6000.0, 6200.0]"
825,1,"(0.0, 200.0]"
826,1,"(0.0, 200.0]"
827,1,"(-200.0, 0.0]"
828,1,"(0.0, 200.0]"
829,1,"(600.0, 800.0]"
830,1,"(1400.0, 1600.0]"
831,1,"(2600.0, 2800.0]"
832,1,"(0.0, 200.0]"
833,1,"(40600.0, 40800.0]"
834,1,"(0.0, 200.0]"
835,1,"(1600.0, 1800.0]"
836,1,"(600.0, 800.0]"
837,1,"(0.0, 200.0]"
838,1,"(39400.0, 39600.0]"
839,1,"(0.0, 200.0]"
840,1,"(0.0, 200.0]"
841,1,"(0.0, 200.0]"
842,1,"(18600.0, 18800.0]"
843,1,"(0.0, 200.0]"
844,1,"(18600.0, 18800.0]"
845,1,"(40800.0, 41000.0]"
846,1,"(0.0, 200.0]"
847,1,"(40600.0, 40800.0]"
848,1,"(-200.0, 0.0]"
849,1,"(4400.0, 4600.0]"
850,1,"(0.0, 200.0]"
851,1,"(0.0, 200.0]"
852,1,"(0.0, 200.0]"
853,1,"(2600.0, 2800.0]"
854,1,"(0.0, 200.0]"
855,1,"(-200.0, 0.0]"
856,0,"(1000.0, 1200.0]"
857,1,"(11200.0, 11400.0]"
858,1,"(15600.0, 15800.0]"
859,1,"(-200.0, 0.0]"
860,1,"(-200.0, 0.0]"
861,1,"(0.0, 200.0]"
862,1,"(200.0, 400.0]"
863,1,"(0.0, 200.0]"
864,1,"(0.0, 200.0]"
865,1,"(4600.0, 4800.0]"
866,1,"(2000.0, 2200.0]"
867,1,"(40800.0, 41000.0]"
868,1,"(0.0, 200.0]"
869,1,"(0.0, 200.0]"
870,0,"(0.0, 200.0]"
871,1,"(0.0, 200.0]"
872,1,"(0.0, 200.0]"
873,1,"(32800.0, 33000.0]"
874,1,"(0.0, 200.0]"
875,1,"(200.0, 400.0]"
876,1,"(600.0, 800.0]"
877,1,"(0.0, 200.0]"
878,1,"(0.0, 200.0]"
879,1,"(0.0, 200.0]"
880,1,"(2400.0, 2600.0]"
881,1,"(40400.0, 40600.0]"
882,1,"(0.0, 200.0]"
883,0,"(32200.0, 32400.0]"
884,1,"(0.0, 200.0]"
885,1,"(-200.0, 0.0]"
886,1,"(0.0, 200.0]"
887,1,"(40400.0, 40600.0]"
888,1,"(28800.0, 29000.0]"
889,1,"(40400.0, 40600.0]"
890,1,"(0.0, 200.0]"
891,1,"(0.0, 200.0]"
892,1,"(0.0, 200.0]"
893,1,"(400.0, 600.0]"
894,1,"(600.0, 800.0]"
895,1,"(1000.0, 1200.0]"
896,1,"(8600.0, 8800.0]"
897,1,"(39600.0, 39800.0]"
898,1,"(0.0, 200.0]"
899,0,"(-200.0, 0.0]"
900,1,"(0.0, 200.0]"
901,1,"(-200.0, 0.0]"
902,0,"(-400.0, -200.0]"
903,1,"(-200.0, 0.0]"
904,0,"(-200.0, 0.0]"
905,1,"(26000.0, 26200.0]"
906,1,"(0.0, 200.0]"
907,1,"(0.0, 200.0]"
908,0,"(400.0, 600.0]"
909,1,"(0.0, 200.0]"
910,1,"(0.0, 200.0]"
911,1,"(0.0, 200.0]"
912,1,"(0.0, 200.0]"
913,1,"(26200.0, 26400.0]"
914,1,"(800.0, 1000.0]"
915,1,"(0.0, 200.0]"
916,1,"(0.0, 200.0]"
917,1,"(-200.0, 0.0]"
918,1,"(600.0, 800.0]"
919,0,"(0.0, 200.0]"
920,1,"(40600.0, 40800.0]"
921,1,"(0.0, 200.0]"
922,1,"(40600.0, 40800.0]"
923,1,"(40800.0, 41000.0]"
924,0,"(10000.0, 10200.0]"
925,0,"(400.0, 600.0]"
926,1,"(0.0, 200.0]"
927,1,"(4000.0, 4200.0]"
928,1,"(0.0, 200.0]"
929,1,"(200.0, 400.0]"
930,1,"(0.0, 200.0]"
931,1,"(40400.0, 40600.0]"
932,1,"(0.0, 200.0]"
933,1,"(0.0, 200.0]"
934,1,"(0.0, 200.0]"
935,1,"(200.0, 400.0]"
936,1,"(17800.0, 18000.0]"
937,1,"(-200.0, 0.0]"
938,1,"(0.0, 200.0]"
939,1,"(0.0, 200.0]"
940,1,"(0.0, 200.0]"
941,1,"(-200.0, 0.0]"
942,0,"(-200.0, 0.0]"
943,1,"(0.0, 200.0]"
944,1,"(0.0, 200.0]"
945,1,"(1000.0, 1200.0]"
946,1,"(0.0, 200.0]"
947,1,"(40800.0, 41000.0]"
948,1,"(0.0, 200.0]"
949,1,"(200.0, 400.0]"
950,1,"(0.0, 200.0]"
951,1,"(1200.0, 1400.0]"
952,1,"(200.0, 400.0]"
953,1,"(0.0, 200.0]"
954,0,"(-200.0, 0.0]"
955,1,"(40800.0, 41000.0]"
956,1,"(0.0, 200.0]"
957,1,"(0.0, 200.0]"
958,1,"(15800.0, 16000.0]"
959,1,"(40400.0, 40600.0]"
960,1,"(-200.0, 0.0]"
961,1,"(0.0, 200.0]"
962,1,"(600.0, 800.0]"
963,1,"(0.0, 200.0]"
964,0,"(-200.0, 0.0]"
965,1,"(0.0, 200.0]"
966,0,"(9200.0, 9400.0]"
967,1,"(33200.0, 33400.0]"
968,1,"(400.0, 600.0]"
969,1,"(20200.0, 20400.0]"
970,1,"(0.0, 200.0]"
971,1,"(200.0, 400.0]"
972,1,"(600.0, 800.0]"
973,1,"(0.0, 200.0]"
974,1,"(-200.0, 0.0]"
975,1,"(600.0, 800.0]"
976,1,"(0.0, 200.0]"
977,1,"(0.0, 200.0]"
978,1,"(400.0, 600.0]"
979,1,"(0.0, 200.0]"
980,0,"(-200.0, 0.0]"
981,1,"(40800.0, 41000.0]"
982,1,"(0.0, 200.0]"
983,1,"(1400.0, 1600.0]"
984,1,"(3200.0, 3400.0]"
985,1,"(0.0, 200.0]"
986,1,"(0.0, 200.0]"
987,1,"(40800.0, 41000.0]"
988,1,"(0.0, 200.0]"
989,1,"(5800.0, 6000.0]"
990,1,"(0.0, 200.0]"
991,1,"(0.0, 200.0]"
992,1,"(3000.0, 3200.0]"
993,1,"(0.0, 200.0]"
994,1,"(1200.0, 1400.0]"
995,1,"(-200.0, 0.0]"
996,1,"(1200.0, 1400.0]"
997,1,"(4600.0, 4800.0]"
998,1,"(0.0, 200.0]"
999,1,"(2400.0, 2600.0]"
1000,1,"(5800.0, 6000.0]"
1001,1,"(17200.0, 17400.0]"
1003,0,"(-200.0, 0.0]"
1004,1,"(6000.0, 6200.0]"
1005,1,"(0.0, 200.0]"
1006,1,"(2000.0, 2200.0]"
1007,1,"(17400.0, 17600.0]"
1008,1,"(32600.0, 32800.0]"
1009,1,"(0.0, 200.0]"
1010,0,"(0.0, 200.0]"
1011,1,"(2000.0, 2200.0]"
1012,1,"(0.0, 200.0]"
1013,1,"(600.0, 800.0]"
1014,1,"(0.0, 200.0]"
1015,1,"(4000.0, 4200.0]"
1016,1,"(15600.0, 15800.0]"
1017,1,"(1200.0, 1400.0]"
1018,1,"(0.0, 200.0]"
1019,1,"(0.0, 200.0]"
1020,1,"(8200.0, 8400.0]"
1021,1,"(200.0, 400.0]"
1022,1,"(0.0, 200.0]"
1023,1,"(0.0, 200.0]"
1024,1,"(40800.0, 41000.0]"
1025,1,"(400.0, 600.0]"
1026,1,"(600.0, 800.0]"
1027,1,"(0.0, 200.0]"
1028,1,"(0.0, 200.0]"
1029,1,"(0.0, 200.0]"
1030,1,"(40600.0, 40800.0]"
1031,1,"(200.0, 400.0]"
1032,1,"(0.0, 200.0]"
1033,0,"(-200.0, 0.0]"
1034,1,"(0.0, 200.0]"
1035,1,"(0.0, 200.0]"
1036,1,"(0.0, 200.0]"
1037,1,"(200.0, 400.0]"
1038,1,"(200.0, 400.0]"
1039,1,"(40600.0, 40800.0]"
1040,1,"(31200.0, 31400.0]"
1041,0,"(7000.0, 7200.0]"
1042,1,"(0.0, 200.0]"
1043,1,"(400.0, 600.0]"
1044,1,"(0.0, 200.0]"
1045,1,"(0.0, 200.0]"
1046,1,"(0.0, 200.0]"
1047,1,"(600.0, 800.0]"
1048,0,"(0.0, 200.0]"
1049,1,"(600.0, 800.0]"
1050,1,"(200.0, 400.0]"
1051,1,"(400.0, 600.0]"
1052,1,"(-200.0, 0.0]"
1053,1,"(-200.0, 0.0]"
1054,1,"(0.0, 200.0]"
1055,1,"(0.0, 200.0]"
1056,1,"(40600.0, 40800.0]"
1057,1,"(40800.0, 41000.0]"
1058,1,"(0.0, 200.0]"
1059,1,"(5800.0, 6000.0]"
1060,1,"(0.0, 200.0]"
1061,1,"(0.0, 200.0]"
1062,1,"(200.0, 400.0]"
1063,1,"(-200.0, 0.0]"
1064,0,"(-200.0, 0.0]"
1065,1,"(-200.0, 0.0]"
1066,1,"(0.0, 200.0]"
1067,1,"(0.0, 200.0]"
1068,1,"(0.0, 200.0]"
1069,1,"(600.0, 800.0]"
1070,1,"(200.0, 400.0]"
1071,0,"(0.0, 200.0]"
1072,1,"(7800.0, 8000.0]"
1073,0,"(0.0, 200.0]"
1074,1,"(0.0, 200.0]"
1075,1,"(0.0, 200.0]"
1076,1,"(40600.0, 40800.0]"
1077,1,"(0.0, 200.0]"
1078,0,"(-200.0, 0.0]"
1079,1,"(40400.0, 40600.0]"
1080,1,"(0.0, 200.0]"
1081,1,"(1600.0, 1800.0]"
1082,1,"(1800.0, 2000.0]"
1083,1,"(0.0, 200.0]"
1084,1,"(40400.0, 40600.0]"
1085,1,"(1000.0, 1200.0]"
1086,0,"(-200.0, 0.0]"
1087,1,"(0.0, 200.0]"
1088,1,"(0.0, 200.0]"
1089,1,"(0.0, 200.0]"
1090,1,"(0.0, 200.0]"
1091,1,"(400.0, 600.0]"
1092,1,"(0.0, 200.0]"
1093,1,"(40800.0, 41000.0]"
1094,1,"(0.0, 200.0]"
1095,1,"(-200.0, 0.0]"
1096,1,"(0.0, 200.0]"
1097,1,"(400.0, 600.0]"
1098,1,"(-200.0, 0.0]"
1099,1,"(0.0, 200.0]"
1100,1,"(40400.0, 40600.0]"
1101,1,"(400.0, 600.0]"
1102,1,"(-200.0, 0.0]"
1103,1,"(400.0, 600.0]"
1104,1,"(0.0, 200.0]"
1105,1,"(0.0, 200.0]"
1106,1,"(0.0, 200.0]"
1107,1,"(0.0, 200.0]"
1108,1,"(0.0, 200.0]"
1109,1,"(0.0, 200.0]"
1110,1,"(0.0, 200.0]"
1111,1,"(-200.0, 0.0]"
1112,1,"(0.0, 200.0]"
1113,1,"(-200.0, 0.0]"
1114,1,"(0.0, 200.0]"
1115,1,"(40600.0, 40800.0]"
1116,1,"(40600.0, 40800.0]"
1117,1,"(0.0, 200.0]"
1118,1,"(18000.0, 18200.0]"
1119,1,"(13200.0, 13400.0]"
1120,1,"(0.0, 200.0]"
1121,1,"(0.0, 200.0]"
1122,1,"(0.0, 200.0]"
1123,1,"(0.0, 200.0]"
1124,1,"(0.0, 200.0]"
1125,1,"(0.0, 200.0]"
1126,1,"(0.0, 200.0]"
1127,1,"(19400.0, 19600.0]"
1128,0,"(-400.0, -200.0]"
1129,1,"(0.0, 200.0]"
1130,1,"(0.0, 200.0]"
1131,1,"(-200.0, 0.0]"
1132,1,"(200.0, 400.0]"
1133,1,"(0.0, 200.0]"
1134,1,"(0.0, 200.0]"
1135,1,"(0.0, 200.0]"
1136,1,"(40400.0, 40600.0]"
1137,1,"(0.0, 200.0]"
1138,1,"(200.0, 400.0]"
1139,1,"(0.0, 200.0]"
1140,1,"(-200.0, 0.0]"
1141,1,"(0.0, 200.0]"
1142,1,"(0.0, 200.0]"
1143,1,"(200.0, 400.0]"
1144,1,"(1200.0, 1400.0]"
1145,1,"(0.0, 200.0]"
1146,1,"(0.0, 200.0]"
1147,1,"(40800.0, 41000.0]"
1148,1,"(400.0, 600.0]"
1149,1,"(0.0, 200.0]"
1150,1,"(0.0, 200.0]"
1151,1,"(27400.0, 27600.0]"
1152,1,"(0.0, 200.0]"
1153,1,"(200.0, 400.0]"
1154,1,"(0.0, 200.0]"
1155,1,"(40800.0, 41000.0]"
1156,1,"(0.0, 200.0]"
1158,1,"(200.0, 400.0]"
1159,1,"(40600.0, 40800.0]"
1160,1,"(0.0, 200.0]"
1161,1,"(0.0, 200.0]"
1162,1,"(1600.0, 1800.0]"
1163,1,"(0.0, 200.0]"
1164,1,"(0.0, 200.0]"
1165,1,"(40600.0, 40800.0]"
1166,0,"(2800.0, 3000.0]"
1167,1,"(0.0, 200.0]"
1168,1,"(0.0, 200.0]"
1169,1,"(0.0, 200.0]"
1170,1,"(2600.0, 2800.0]"
1171,1,"(0.0, 200.0]"
1172,1,"(15400.0, 15600.0]"
1173,1,"(0.0, 200.0]"
1174,1,"(40600.0, 40800.0]"
1175,1,"(400.0, 600.0]"
1176,1,"(40600.0, 40800.0]"
1177,1,"(0.0, 200.0]"
1178,1,"(0.0, 200.0]"
1179,0,"(0.0, 200.0]"
1180,1,"(25200.0, 25400.0]"
1181,0,"(0.0, 200.0]"
1183,1,"(600.0, 800.0]"
1184,1,"(13600.0, 13800.0]"
1185,1,"(14800.0, 15000.0]"
1186,1,"(0.0, 200.0]"
1188,1,"(0.0, 200.0]"
1189,1,"(0.0, 200.0]"
1190,1,"(0.0, 200.0]"
1191,1,"(0.0, 200.0]"
1192,0,"(-200.0, 0.0]"
1193,1,"(18800.0, 19000.0]"
1194,1,"(30800.0, 31000.0]"
1195,1,"(0.0, 200.0]"
1196,1,"(0.0, 200.0]"
1198,1,"(0.0, 200.0]"
1199,1,"(40800.0, 41000.0]"
1200,1,"(200.0, 400.0]"
1201,0,"(0.0, 200.0]"
1202,1,"(40800.0, 41000.0]"
1203,1,"(0.0, 200.0]"
1204,1,"(0.0, 200.0]"
1205,1,"(0.0, 200.0]"
1206,1,"(18800.0, 19000.0]"
1207,1,"(-200.0, 0.0]"
1208,1,"(0.0, 200.0]"
1209,1,"(0.0, 200.0]"
1210,1,"(0.0, 200.0]"
1211,1,"(18400.0, 18600.0]"
1212,1,"(0.0, 200.0]"
1213,1,"(0.0, 200.0]"
1214,1,"(0.0, 200.0]"
1215,1,"(-200.0, 0.0]"
1216,1,"(0.0, 200.0]"
1217,1,"(0.0, 200.0]"
1218,1,"(0.0, 200.0]"
1219,1,"(40600.0, 40800.0]"
1220,1,"(-200.0, 0.0]"
1222,1,"(0.0, 200.0]"
1223,1,"(0.0, 200.0]"
1224,1,"(200.0, 400.0]"
1225,1,"(2800.0, 3000.0]"
1226,1,"(13000.0, 13200.0]"
1227,1,"(1200.0, 1400.0]"
1228,1,"(0.0, 200.0]"
1229,1,"(0.0, 200.0]"
1230,1,"(0.0, 200.0]"
1231,1,"(0.0, 200.0]"
1232,1,"(200.0, 400.0]"
1233,1,"(2200.0, 2400.0]"
1234,1,"(0.0, 200.0]"
1235,1,"(200.0, 400.0]"
1236,1,"(12800.0, 13000.0]"
1237,0,"(0.0, 200.0]"
1238,1,"(0.0, 200.0]"
1239,0,"(-200.0, 0.0]"
1240,1,"(0.0, 200.0]"
1241,1,"(0.0, 200.0]"
1242,1,"(0.0, 200.0]"
1243,1,"(600.0, 800.0]"
1244,1,"(0.0, 200.0]"
1245,0,"(0.0, 200.0]"
1246,1,"(40400.0, 40600.0]"
1247,1,"(0.0, 200.0]"
1248,0,"(-600.0, -400.0]"
1249,1,"(40400.0, 40600.0]"
1250,1,"(0.0, 200.0]"
1251,1,"(0.0, 200.0]"
1252,1,"(0.0, 200.0]"
1253,1,"(0.0, 200.0]"
1254,1,"(0.0, 200.0]"
1255,1,"(0.0, 200.0]"
1256,1,"(200.0, 400.0]"
1258,1,"(40600.0, 40800.0]"
1259,1,"(4400.0, 4600.0]"
1260,1,"(10800.0, 11000.0]"
1261,1,"(200.0, 400.0]"
1262,1,"(0.0, 200.0]"
1263,1,"(800.0, 1000.0]"
1264,1,"(400.0, 600.0]"
1265,1,"(0.0, 200.0]"
1266,0,"(-200.0, 0.0]"
1267,1,"(-200.0, 0.0]"
1268,1,"(40200.0, 40400.0]"
1269,1,"(0.0, 200.0]"
1270,1,"(14000.0, 14200.0]"
1271,0,"(-200.0, 0.0]"
1272,1,"(600.0, 800.0]"
1273,1,"(0.0, 200.0]"
1274,1,"(40600.0, 40800.0]"
1275,1,"(0.0, 200.0]"
1276,1,"(0.0, 200.0]"
1277,1,"(0.0, 200.0]"
1278,1,"(0.0, 200.0]"
1279,1,"(0.0, 200.0]"
1280,1,"(0.0, 200.0]"
1281,1,"(0.0, 200.0]"
1282,1,"(0.0, 200.0]"
1283,1,"(4800.0, 5000.0]"
1284,1,"(40800.0, 41000.0]"
1285,1,"(6600.0, 6800.0]"
1286,1,"(0.0, 200.0]"
1287,1,"(39400.0, 39600.0]"
1288,1,"(0.0, 200.0]"
1289,1,"(3800.0, 4000.0]"
1290,1,"(0.0, 200.0]"
1291,1,"(0.0, 200.0]"
1292,1,"(0.0, 200.0]"
1293,1,"(200.0, 400.0]"
1294,1,"(0.0, 200.0]"
1295,1,"(1000.0, 1200.0]"
1296,1,"(0.0, 200.0]"
1297,1,"(9800.0, 10000.0]"
1298,1,"(200.0, 400.0]"
1299,1,"(3800.0, 4000.0]"
1300,1,"(0.0, 200.0]"
1301,1,"(0.0, 200.0]"
1302,1,"(0.0, 200.0]"
1303,1,"(0.0, 200.0]"
1304,1,"(0.0, 200.0]"
1305,1,"(0.0, 200.0]"
1306,1,"(2400.0, 2600.0]"
1307,0,"(-200.0, 0.0]"
1308,1,"(24600.0, 24800.0]"
1309,1,"(40600.0, 40800.0]"
1310,1,"(0.0, 200.0]"
1311,1,"(0.0, 200.0]"
1312,1,"(9000.0, 9200.0]"
1313,1,"(0.0, 200.0]"
1314,1,"(26600.0, 26800.0]"
1315,1,"(0.0, 200.0]"
1316,1,"(3000.0, 3200.0]"
1317,1,"(0.0, 200.0]"
1318,1,"(0.0, 200.0]"
1319,1,"(0.0, 200.0]"
1320,1,"(0.0, 200.0]"
1321,1,"(0.0, 200.0]"
1322,1,"(200.0, 400.0]"
1323,1,"(0.0, 200.0]"
1324,1,"(0.0, 200.0]"
1325,1,"(200.0, 400.0]"
1326,1,"(0.0, 200.0]"
1327,1,"(40600.0, 40800.0]"
1328,1,"(0.0, 200.0]"
1329,1,"(16600.0, 16800.0]"
1330,1,"(0.0, 200.0]"
1331,1,"(0.0, 200.0]"
1332,1,"(0.0, 200.0]"
1333,1,"(0.0, 200.0]"
1334,1,"(8000.0, 8200.0]"
1335,1,"(0.0, 200.0]"
1336,1,"(-200.0, 0.0]"
1337,1,"(40800.0, 41000.0]"
1338,1,"(400.0, 600.0]"
1339,1,"(1000.0, 1200.0]"
1340,1,"(17600.0, 17800.0]"
1341,1,"(1800.0, 2000.0]"
1342,1,"(10200.0, 10400.0]"
1343,1,"(1000.0, 1200.0]"
1344,1,"(0.0, 200.0]"
1345,1,"(0.0, 200.0]"
1346,1,"(0.0, 200.0]"
1347,1,"(25000.0, 25200.0]"
1349,1,"(23000.0, 23200.0]"
1350,1,"(9400.0, 9600.0]"
1351,1,"(26400.0, 26600.0]"
1352,1,"(0.0, 200.0]"
1353,1,"(40600.0, 40800.0]"
1354,1,"(-200.0, 0.0]"
1355,1,"(0.0, 200.0]"
1357,1,"(40600.0, 40800.0]"
1358,0,"(-200.0, 0.0]"
1359,1,"(400.0, 600.0]"
1360,1,"(0.0, 200.0]"
1361,1,"(0.0, 200.0]"
1362,1,"(200.0, 400.0]"
1363,1,"(0.0, 200.0]"
1364,1,"(400.0, 600.0]"
1365,1,"(12400.0, 12600.0]"
1366,1,"(30600.0, 30800.0]"
1367,1,"(40600.0, 40800.0]"
1368,1,"(23400.0, 23600.0]"
1369,1,"(0.0, 200.0]"
1370,1,"(0.0, 200.0]"
1371,1,"(0.0, 200.0]"
1372,1,"(200.0, 400.0]"
1373,1,"(0.0, 200.0]"
1374,1,"(14800.0, 15000.0]"
1375,1,"(17000.0, 17200.0]"
1376,1,"(400.0, 600.0]"
1377,1,"(1200.0, 1400.0]"
1378,1,"(600.0, 800.0]"
1379,1,"(1600.0, 1800.0]"
1380,1,"(0.0, 200.0]"
1381,1,"(0.0, 200.0]"
1382,1,"(40600.0, 40800.0]"
1383,1,"(18000.0, 18200.0]"
1384,1,"(200.0, 400.0]"
1385,1,"(0.0, 200.0]"
1386,1,"(0.0, 200.0]"
1387,0,"(-200.0, 0.0]"
1388,1,"(0.0, 200.0]"
1389,1,"(1200.0, 1400.0]"
1390,1,"(0.0, 200.0]"
1391,1,"(200.0, 400.0]"
1392,1,"(0.0, 200.0]"
1393,1,"(800.0, 1000.0]"
1394,1,"(0.0, 200.0]"
1395,1,"(0.0, 200.0]"
1396,1,"(2600.0, 2800.0]"
1397,1,"(0.0, 200.0]"
1398,1,"(0.0, 200.0]"
1399,1,"(400.0, 600.0]"
1400,1,"(0.0, 200.0]"
1401,1,"(1600.0, 1800.0]"
1402,1,"(0.0, 200.0]"
1403,1,"(200.0, 400.0]"
1404,1,"(1800.0, 2000.0]"
1405,1,"(0.0, 200.0]"
1406,1,"(400.0, 600.0]"
1407,1,"(0.0, 200.0]"
1408,1,"(0.0, 200.0]"
1409,1,"(20600.0, 20800.0]"
1410,1,"(0.0, 200.0]"
1411,0,"(-200.0, 0.0]"
1412,1,"(0.0, 200.0]"
1413,1,"(0.0, 200.0]"
1414,1,"(600.0, 800.0]"
1415,1,"(0.0, 200.0]"
1416,1,"(0.0, 200.0]"
1417,1,"(0.0, 200.0]"
1418,0,"(0.0, 200.0]"
1419,1,"(0.0, 200.0]"
1420,1,"(2200.0, 2400.0]"
1421,1,"(0.0, 200.0]"
1422,1,"(7200.0, 7400.0]"
1423,1,"(40800.0, 41000.0]"
1424,1,"(7200.0, 7400.0]"
1425,1,"(0.0, 200.0]"
1426,1,"(0.0, 200.0]"
1427,0,"(-200.0, 0.0]"
1428,1,"(11400.0, 11600.0]"
1429,0,"(0.0, 200.0]"
1430,1,"(40400.0, 40600.0]"
1431,0,"(-200.0, 0.0]"
1432,1,"(0.0, 200.0]"
1433,1,"(40400.0, 40600.0]"
1434,1,"(-200.0, 0.0]"
1435,0,"(-200.0, 0.0]"
1436,1,"(19600.0, 19800.0]"
1437,0,"(-200.0, 0.0]"
1438,1,"(0.0, 200.0]"
1439,0,"(-200.0, 0.0]"
1440,1,"(0.0, 200.0]"
1441,1,"(0.0, 200.0]"
1442,1,"(0.0, 200.0]"
1443,1,"(0.0, 200.0]"
1444,0,"(-200.0, 0.0]"
1445,1,"(0.0, 200.0]"
1446,1,"(0.0, 200.0]"
1447,1,"(0.0, 200.0]"
1448,1,"(0.0, 200.0]"
1449,1,"(0.0, 200.0]"
1450,1,"(0.0, 200.0]"
1451,1,"(0.0, 200.0]"
1452,1,"(0.0, 200.0]"
1453,0,"(200.0, 400.0]"
1454,1,"(0.0, 200.0]"
1455,1,"(0.0, 200.0]"
1456,1,"(200.0, 400.0]"
1457,1,"(-200.0, 0.0]"
1458,1,"(1400.0, 1600.0]"
1459,1,"(0.0, 200.0]"
1460,1,"(400.0, 600.0]"
1461,1,"(0.0, 200.0]"
1462,1,"(40600.0, 40800.0]"
1463,1,"(0.0, 200.0]"
1464,1,"(200.0, 400.0]"
1465,1,"(0.0, 200.0]"
1466,1,"(10200.0, 10400.0]"
1467,1,"(40800.0, 41000.0]"
1468,1,"(0.0, 200.0]"
1469,1,"(0.0, 200.0]"
1470,0,"(-200.0, 0.0]"
1471,1,"(400.0, 600.0]"
1472,0,"(0.0, 200.0]"
1473,1,"(0.0, 200.0]"
1474,1,"(0.0, 200.0]"
1475,1,"(6000.0, 6200.0]"
1476,1,"(0.0, 200.0]"
1477,1,"(0.0, 200.0]"
1478,1,"(400.0, 600.0]"
1479,1,"(200.0, 400.0]"
1480,1,"(200.0, 400.0]"
1481,1,"(40600.0, 40800.0]"
1482,1,"(0.0, 200.0]"
1483,1,"(0.0, 200.0]"
1484,1,"(6000.0, 6200.0]"
1485,1,"(0.0, 200.0]"
1486,1,"(0.0, 200.0]"
1487,1,"(5400.0, 5600.0]"
1488,1,"(400.0, 600.0]"
1489,1,"(0.0, 200.0]"
1490,1,"(40400.0, 40600.0]"
1491,1,"(0.0, 200.0]"
1492,1,"(0.0, 200.0]"
1493,1,"(0.0, 200.0]"
1494,1,"(0.0, 200.0]"
1495,1,"(0.0, 200.0]"
1496,1,"(10200.0, 10400.0]"
1497,0,"(0.0, 200.0]"
1498,0,"(-200.0, 0.0]"
1499,1,"(-200.0, 0.0]"
1500,1,"(0.0, 200.0]"
1501,1,"(0.0, 200.0]"
1502,1,"(0.0, 200.0]"
1503,1,"(1200.0, 1400.0]"
1504,1,"(0.0, 200.0]"
1505,1,"(0.0, 200.0]"
1506,1,"(-200.0, 0.0]"
1507,1,"(200.0, 400.0]"
1508,1,"(0.0, 200.0]"
1509,1,"(40600.0, 40800.0]"
1510,0,"(26600.0, 26800.0]"
1511,1,"(0.0, 200.0]"
1512,1,"(0.0, 200.0]"
1513,1,"(0.0, 200.0]"
1514,1,"(0.0, 200.0]"
1515,1,"(40600.0, 40800.0]"
1516,1,"(800.0, 1000.0]"
1517,1,"(0.0, 200.0]"
1518,1,"(40400.0, 40600.0]"
1519,1,"(0.0, 200.0]"
1521,1,"(18600.0, 18800.0]"
1522,1,"(2600.0, 2800.0]"
1523,1,"(27400.0, 27600.0]"
1524,0,"(0.0, 200.0]"
1525,1,"(0.0, 200.0]"
1526,1,"(0.0, 200.0]"
1527,1,"(5200.0, 5400.0]"
1528,1,"(16400.0, 16600.0]"
1529,1,"(0.0, 200.0]"
1530,1,"(8200.0, 8400.0]"
1531,1,"(600.0, 800.0]"
1532,1,"(8800.0, 9000.0]"
1533,1,"(40600.0, 40800.0]"
1534,1,"(1200.0, 1400.0]"
1535,1,"(0.0, 200.0]"
1536,1,"(15400.0, 15600.0]"
1537,1,"(0.0, 200.0]"
1538,1,"(0.0, 200.0]"
1539,1,"(0.0, 200.0]"
1540,1,"(0.0, 200.0]"
1541,1,"(0.0, 200.0]"
1542,1,"(12200.0, 12400.0]"
1543,1,"(0.0, 200.0]"
1544,1,"(40600.0, 40800.0]"
1545,1,"(11200.0, 11400.0]"
1546,0,"(-200.0, 0.0]"
1547,1,"(0.0, 200.0]"
1548,1,"(12600.0, 12800.0]"
1549,1,"(40400.0, 40600.0]"
1550,1,"(1200.0, 1400.0]"
1551,0,"(0.0, 200.0]"
1552,1,"(0.0, 200.0]"
1553,0,"(0.0, 200.0]"
1555,1,"(40800.0, 41000.0]"
1556,1,"(0.0, 200.0]"
1557,1,"(0.0, 200.0]"
1558,0,"(-200.0, 0.0]"
1559,1,"(0.0, 200.0]"
1560,1,"(0.0, 200.0]"
1561,1,"(40600.0, 40800.0]"
1562,1,"(11400.0, 11600.0]"
1563,1,"(0.0, 200.0]"
1564,1,"(40600.0, 40800.0]"
1565,1,"(0.0, 200.0]"
1566,1,"(1800.0, 2000.0]"
1567,1,"(0.0, 200.0]"
1568,1,"(0.0, 200.0]"
1569,1,"(6400.0, 6600.0]"
1570,1,"(-200.0, 0.0]"
1571,1,"(11800.0, 12000.0]"
1572,1,"(40800.0, 41000.0]"
1573,1,"(0.0, 200.0]"
1574,1,"(40600.0, 40800.0]"
1575,1,"(200.0, 400.0]"
1576,0,"(2200.0, 2400.0]"
1577,1,"(0.0, 200.0]"
1578,0,"(-200.0, 0.0]"
1579,1,"(0.0, 200.0]"
1580,1,"(0.0, 200.0]"
1581,1,"(3800.0, 4000.0]"
1582,1,"(40600.0, 40800.0]"
1583,1,"(5200.0, 5400.0]"
1584,1,"(22800.0, 23000.0]"
1585,1,"(0.0, 200.0]"
1586,1,"(2000.0, 2200.0]"
1587,1,"(40800.0, 41000.0]"
1588,1,"(38800.0, 39000.0]"
1589,1,"(0.0, 200.0]"
1590,1,"(40600.0, 40800.0]"
1591,1,"(40800.0, 41000.0]"
1592,1,"(0.0, 200.0]"
1593,1,"(0.0, 200.0]"
1594,1,"(0.0, 200.0]"
1595,0,"(-200.0, 0.0]"
1596,1,"(0.0, 200.0]"
1597,1,"(600.0, 800.0]"
1598,0,"(0.0, 200.0]"
1599,1,"(1000.0, 1200.0]"
1600,1,"(13400.0, 13600.0]"
1601,1,"(40400.0, 40600.0]"
1602,1,"(400.0, 600.0]"
1603,1,"(4000.0, 4200.0]"
1604,1,"(0.0, 200.0]"
1605,1,"(0.0, 200.0]"
1606,1,"(14000.0, 14200.0]"
1608,1,"(22800.0, 23000.0]"
1609,0,"(0.0, 200.0]"
1610,1,"(1000.0, 1200.0]"
1611,1,"(1600.0, 1800.0]"
1612,1,"(0.0, 200.0]"
1613,1,"(0.0, 200.0]"
1614,1,"(400.0, 600.0]"
1615,1,"(0.0, 200.0]"
1616,0,"(-200.0, 0.0]"
1617,1,"(0.0, 200.0]"
1618,1,"(0.0, 200.0]"
1619,1,"(0.0, 200.0]"
1620,1,"(0.0, 200.0]"
1621,1,"(39400.0, 39600.0]"
1622,1,"(0.0, 200.0]"
1623,1,"(0.0, 200.0]"
1624,1,"(0.0, 200.0]"
1625,1,"(-200.0, 0.0]"
1626,1,"(0.0, 200.0]"
1627,1,"(2000.0, 2200.0]"
1628,1,"(0.0, 200.0]"
1629,1,"(40600.0, 40800.0]"
1630,1,"(1800.0, 2000.0]"
1631,1,"(0.0, 200.0]"
1632,1,"(40400.0, 40600.0]"
1633,1,"(40800.0, 41000.0]"
1634,0,"(-200.0, 0.0]"
1635,1,"(-200.0, 0.0]"
1636,1,"(0.0, 200.0]"
1637,1,"(3800.0, 4000.0]"
1638,1,"(2000.0, 2200.0]"
1639,1,"(5200.0, 5400.0]"
1640,1,"(200.0, 400.0]"
1641,1,"(0.0, 200.0]"
1642,1,"(0.0, 200.0]"
1643,1,"(0.0, 200.0]"
1644,1,"(0.0, 200.0]"
1645,1,"(-200.0, 0.0]"
1646,1,"(40800.0, 41000.0]"
1647,1,"(40800.0, 41000.0]"
1648,1,"(20400.0, 20600.0]"
1649,1,"(-200.0, 0.0]"
1650,1,"(-200.0, 0.0]"
1651,1,"(10600.0, 10800.0]"
1652,1,"(400.0, 600.0]"
1653,1,"(0.0, 200.0]"
1654,1,"(40600.0, 40800.0]"
1655,1,"(-200.0, 0.0]"
1656,1,"(0.0, 200.0]"
1657,1,"(0.0, 200.0]"
1658,1,"(40600.0, 40800.0]"
1659,1,"(0.0, 200.0]"
1660,1,"(400.0, 600.0]"
1661,1,"(0.0, 200.0]"
1662,1,"(200.0, 400.0]"
1663,1,"(400.0, 600.0]"
1664,1,"(0.0, 200.0]"
1665,0,"(-200.0, 0.0]"
1666,1,"(0.0, 200.0]"
1667,1,"(0.0, 200.0]"
1668,1,"(0.0, 200.0]"
1669,1,"(0.0, 200.0]"
1670,1,"(8400.0, 8600.0]"
1671,0,"(20200.0, 20400.0]"
1672,1,"(0.0, 200.0]"
1673,1,"(0.0, 200.0]"
1674,1,"(8400.0, 8600.0]"
1675,1,"(0.0, 200.0]"
1676,1,"(0.0, 200.0]"
1677,1,"(0.0, 200.0]"
1678,1,"(2600.0, 2800.0]"
1679,1,"(0.0, 200.0]"
1680,1,"(1200.0, 1400.0]"
1681,1,"(200.0, 400.0]"
1682,0,"(0.0, 200.0]"
1683,1,"(0.0, 200.0]"
1684,1,"(0.0, 200.0]"
1685,1,"(0.0, 200.0]"
1686,1,"(0.0, 200.0]"
1687,1,"(0.0, 200.0]"
1688,1,"(22400.0, 22600.0]"
1689,1,"(200.0, 400.0]"
1690,1,"(2800.0, 3000.0]"
1691,1,"(2400.0, 2600.0]"
1692,1,"(0.0, 200.0]"
1693,0,"(-200.0, 0.0]"
1694,1,"(15800.0, 16000.0]"
1695,0,"(200.0, 400.0]"
1696,1,"(31200.0, 31400.0]"
1697,1,"(36800.0, 37000.0]"
1698,1,"(0.0, 200.0]"
1699,0,"(24600.0, 24800.0]"
1700,1,"(0.0, 200.0]"
1701,1,"(8400.0, 8600.0]"
1702,1,"(40800.0, 41000.0]"
1703,1,"(800.0, 1000.0]"
1704,1,"(-200.0, 0.0]"
1705,1,"(0.0, 200.0]"
1706,0,"(17600.0, 17800.0]"
1707,1,"(0.0, 200.0]"
1708,1,"(31200.0, 31400.0]"
1709,1,"(32000.0, 32200.0]"
1710,1,"(24400.0, 24600.0]"
1711,1,"(3400.0, 3600.0]"
1712,1,"(0.0, 200.0]"
1713,1,"(15400.0, 15600.0]"
1714,0,"(-200.0, 0.0]"
1715,1,"(1000.0, 1200.0]"
1716,1,"(40800.0, 41000.0]"
1717,1,"(1000.0, 1200.0]"
1718,1,"(0.0, 200.0]"
1719,1,"(0.0, 200.0]"
1720,1,"(-200.0, 0.0]"
1721,1,"(7600.0, 7800.0]"
1722,1,"(400.0, 600.0]"
1723,1,"(0.0, 200.0]"
1724,1,"(0.0, 200.0]"
1725,1,"(0.0, 200.0]"
1726,1,"(0.0, 200.0]"
1727,1,"(200.0, 400.0]"
1728,1,"(15200.0, 15400.0]"
1729,1,"(30000.0, 30200.0]"
1730,1,"(20600.0, 20800.0]"
1731,1,"(40600.0, 40800.0]"
1732,1,"(200.0, 400.0]"
1733,1,"(0.0, 200.0]"
1734,1,"(0.0, 200.0]"
1735,1,"(0.0, 200.0]"
1736,1,"(200.0, 400.0]"
1737,1,"(600.0, 800.0]"
1738,1,"(0.0, 200.0]"
1739,1,"(600.0, 800.0]"
1740,1,"(0.0, 200.0]"
1741,1,"(0.0, 200.0]"
1742,1,"(0.0, 200.0]"
1743,1,"(0.0, 200.0]"
1744,1,"(0.0, 200.0]"
1745,1,"(8800.0, 9000.0]"
1746,0,"(-200.0, 0.0]"
1747,1,"(0.0, 200.0]"
1748,1,"(0.0, 200.0]"
1749,1,"(0.0, 200.0]"
1750,1,"(0.0, 200.0]"
1751,1,"(0.0, 200.0]"
1752,1,"(0.0, 200.0]"
1753,1,"(400.0, 600.0]"
1754,1,"(0.0, 200.0]"
1755,0,"(-200.0, 0.0]"
1756,0,"(-200.0, 0.0]"
1757,1,"(200.0, 400.0]"
1758,1,"(0.0, 200.0]"
1759,1,"(200.0, 400.0]"
1760,1,"(16200.0, 16400.0]"
1761,1,"(0.0, 200.0]"
1762,1,"(40600.0, 40800.0]"
1763,1,"(-200.0, 0.0]"
1764,1,"(0.0, 200.0]"
1765,1,"(400.0, 600.0]"
1766,1,"(0.0, 200.0]"
1767,1,"(0.0, 200.0]"
1768,0,"(0.0, 200.0]"
1769,1,"(200.0, 400.0]"
1770,1,"(0.0, 200.0]"
1771,1,"(20000.0, 20200.0]"
1772,1,"(0.0, 200.0]"
1773,1,"(40600.0, 40800.0]"
1774,1,"(1400.0, 1600.0]"
1775,1,"(0.0, 200.0]"
1776,1,"(-200.0, 0.0]"
1777,1,"(1400.0, 1600.0]"
1778,1,"(400.0, 600.0]"
1779,1,"(-200.0, 0.0]"
1780,1,"(40400.0, 40600.0]"
1781,1,"(17800.0, 18000.0]"
1782,1,"(27600.0, 27800.0]"
1783,1,"(0.0, 200.0]"
1784,1,"(-200.0, 0.0]"
1785,1,"(0.0, 200.0]"
1786,1,"(0.0, 200.0]"
1787,1,"(0.0, 200.0]"
1788,1,"(0.0, 200.0]"
1789,1,"(400.0, 600.0]"
1790,1,"(-200.0, 0.0]"
1791,1,"(10400.0, 10600.0]"
1792,1,"(0.0, 200.0]"
1793,1,"(23200.0, 23400.0]"
1794,1,"(0.0, 200.0]"
1795,1,"(6600.0, 6800.0]"
1796,1,"(0.0, 200.0]"
1797,1,"(-200.0, 0.0]"
1799,1,"(1000.0, 1200.0]"
1800,1,"(0.0, 200.0]"
1801,1,"(0.0, 200.0]"
1802,1,"(40600.0, 40800.0]"
1803,0,"(-400.0, -200.0]"
1804,1,"(0.0, 200.0]"
1805,1,"(0.0, 200.0]"
1806,1,"(2400.0, 2600.0]"
1807,1,"(200.0, 400.0]"
1808,1,"(0.0, 200.0]"
1809,1,"(400.0, 600.0]"
1810,1,"(0.0, 200.0]"
1811,0,"(0.0, 200.0]"
1812,1,"(800.0, 1000.0]"
1813,1,"(0.0, 200.0]"
1815,1,"(40600.0, 40800.0]"
1816,1,"(5400.0, 5600.0]"
1817,1,"(0.0, 200.0]"
1818,1,"(0.0, 200.0]"
1819,1,"(0.0, 200.0]"
1820,1,"(22600.0, 22800.0]"
1821,1,"(1800.0, 2000.0]"
1822,1,"(2000.0, 2200.0]"
1823,0,"(0.0, 200.0]"
1824,1,"(1600.0, 1800.0]"
1825,1,"(0.0, 200.0]"
1826,1,"(40600.0, 40800.0]"
1827,1,"(0.0, 200.0]"
1828,1,"(200.0, 400.0]"
1829,1,"(-200.0, 0.0]"
1830,1,"(0.0, 200.0]"
1831,1,"(8800.0, 9000.0]"
1832,1,"(40600.0, 40800.0]"
1833,1,"(1600.0, 1800.0]"
1834,1,"(0.0, 200.0]"
1835,1,"(0.0, 200.0]"
1836,0,"(-1200.0, -1000.0]"
1837,1,"(0.0, 200.0]"
1838,1,"(5400.0, 5600.0]"
1839,1,"(-200.0, 0.0]"
1840,0,"(-200.0, 0.0]"
1841,1,"(0.0, 200.0]"
1842,1,"(400.0, 600.0]"
1843,1,"(40800.0, 41000.0]"
1844,1,"(5800.0, 6000.0]"
1845,1,"(-200.0, 0.0]"
1846,1,"(0.0, 200.0]"
1847,1,"(0.0, 200.0]"
1848,1,"(-200.0, 0.0]"
1849,0,"(-200.0, 0.0]"
1850,1,"(40800.0, 41000.0]"
1851,1,"(200.0, 400.0]"
1852,1,"(0.0, 200.0]"
1853,1,"(0.0, 200.0]"
1854,1,"(9400.0, 9600.0]"
1855,1,"(0.0, 200.0]"
1856,1,"(0.0, 200.0]"
1857,1,"(2600.0, 2800.0]"
1858,1,"(0.0, 200.0]"
1859,1,"(12000.0, 12200.0]"
1860,1,"(0.0, 200.0]"
1861,1,"(40600.0, 40800.0]"
1862,1,"(10800.0, 11000.0]"
1863,1,"(7600.0, 7800.0]"
1864,1,"(0.0, 200.0]"
1865,1,"(0.0, 200.0]"
1866,0,"(0.0, 200.0]"
1867,1,"(0.0, 200.0]"
1868,1,"(36600.0, 36800.0]"
1869,0,"(-200.0, 0.0]"
1870,1,"(1600.0, 1800.0]"
1871,0,"(-200.0, 0.0]"
1872,1,"(0.0, 200.0]"
1873,1,"(0.0, 200.0]"
1874,1,"(200.0, 400.0]"
1875,1,"(0.0, 200.0]"
1876,1,"(0.0, 200.0]"
1877,1,"(-200.0, 0.0]"
1878,1,"(5000.0, 5200.0]"
1879,1,"(0.0, 200.0]"
1880,1,"(0.0, 200.0]"
1881,1,"(40600.0, 40800.0]"
1882,1,"(0.0, 200.0]"
1883,1,"(1200.0, 1400.0]"
1884,1,"(0.0, 200.0]"
1885,1,"(200.0, 400.0]"
1886,1,"(40400.0, 40600.0]"
1887,1,"(0.0, 200.0]"
1888,1,"(-200.0, 0.0]"
1889,1,"(0.0, 200.0]"
1890,1,"(0.0, 200.0]"
1891,0,"(-200.0, 0.0]"
1892,1,"(0.0, 200.0]"
1893,1,"(40600.0, 40800.0]"
1894,1,"(400.0, 600.0]"
1895,1,"(40800.0, 41000.0]"
1896,1,"(0.0, 200.0]"
1897,0,"(0.0, 200.0]"
1898,1,"(600.0, 800.0]"
1899,1,"(40400.0, 40600.0]"
1900,1,"(0.0, 200.0]"
1901,1,"(200.0, 400.0]"
1902,1,"(40600.0, 40800.0]"
1903,0,"(-200.0, 0.0]"
1904,1,"(0.0, 200.0]"
1905,1,"(0.0, 200.0]"
1906,1,"(0.0, 200.0]"
1907,1,"(12600.0, 12800.0]"
1908,1,"(0.0, 200.0]"
